From,Subject,Unsubscribe
newsletters-noreply@linkedin.com,Zetech University Champions Students at Innovation at Ideas Festival 2025,https://www.linkedin.com/series-notifications/?action=unsubscribe&memberToken=ADoAADtlP8kBJ7seWnH9Yab6eow4U50cnO38gmM&newsletterId=7213437755089965056&newsletterTitle=Zetech University&lipi=urn%3Ali%3Apage%3Aemail_email_series_follow_newsletter_01%3B3KEjbhB3RGGrkhPCSoccXg%3D%3D&midToken=AQGL6VZx7L7TLA&midSig=26wzS9XqZpsXM1&ek=email_series_follow_newsletter_01&e=gha9jd-mauy4rz9-x2&eid=gha9jd-mauy4rz9-x2&m=unsub&ts=unsub&li=0&t=plh
friendupdates@facebookmail.com,ðŸ“· Jacksoh Addi Ticha recently posted a new photo,https://www.facebook.com/email/oneclick/unsubscribe?identifier=AeKJ1Z7DRgqZtkAH3z4xuHWBwQFjTX7h0pPqhoISyKxgzENlP-rkbR3X-hZdBOM1BWT40j1K9Nn_M_Rb3Y3_huBHf5ybojzKrWkVuo62LG0xPJCtC4un_yHT0lrnsDJjsDBEmq0XJQJ9CAGhGs6UVqBc2zNyxXyTcDFNs1nkUZBUjN9KuY5LZZl0Y9IIYzukZtJU0_88gYBtWzpix8hZO-4Ee86XGSOvCuCP8ZrmW__TzB190-f1mNthUj7tKWAM3JFqF_4Eotnkfin9ITuxj6laX0Ya1R-0RjNA86iG4VZ4EvDLI5QQtdwLMOoPzh3b_llN1KSWCSzyjP4pD4o
no-reply@accounts.google.com,Security alert,
no-reply@accounts.google.com,Security alert,
no-reply@accounts.google.com,Security alert,
notification@promo.bitget.com,Stay ahead of the curve: Join Bitget Live with top crypto experts!,
news@email.tottenhamhotspur.com,ROAD TO BILBAO: League Phase Recap,"https://links.iterable.com/e/encryptedUnsubscribe?_r=eb829280bb1d4e9a88c4bfa363925b0a&_s=d128d61a9e5e4b63a881b9077f92170d&_t=XE_JArhETCB5kO3-BBq1CDeKcRWzlDPHs9NNrsosHiPFZPwAYLRHzKvCtECqVd8JFuXb_cDjA9w4BmLVUZM4MZOsgKTkmHejw8qBzgzVsk_bhFoLQxcdYaSin0t1McsK>,<mailto:unsubscribe+13546145+17712938@unsubscribe.iterable.com"
info@alphacapitalgroup.uk,ðŸ‘€ *EXCLUSIVE* Be the First to Trade the New Pro 6% Plan,"https://alphacapitalgroupuk.activehosted.com/box.php?nl=18&c=1105&m=1209&s=b28ea98c6af4506fe95a08d3037eaf50&funcml=unsub2&luha=1>,<mailto:unsubscribe-f165953dfebc946971aba8320be640cc-1105-b28ea98c6af4506fe95a08d3037eaf50@d32c.emsend3.com"
Prashant.Shetty@eccouncil.org,EC-Councilâ€™s E|HE (Ethical Hacking Essentials) Training Program,
messages-noreply@linkedin.com,1 Clerk role hired in the past week,https://www.linkedin.com/comm/psettings/email-unsubscribe?lipi=urn%3Ali%3Apage%3Aemail_email_career_insights_01%3B%2FXdhjYj2T6K%2B%2FJUp%2FG%2Fuhw%3D%3D&midToken=AQGL6VZx7L7TLA&midSig=26Ep0WAFfgsXM1&trk=eml-email_career_insights_01-unsub-0-unsub&trkEmail=eml-email_career_insights_01-unsub-0-unsub-null-gha9jd~mav2f3i8~s9-null-null&eid=gha9jd-mav2f3i8-s9&loid=AQHhMVN6twRjUwAAAZboiD2Jr67cfsJPfhrcVMGKPpg333DiheniI7acsu44WMZpe--hhjsUX9xU56uCh2LPPkVaObyYA_9vosig
